,vr,vh,b_mT
0,0.1,4.8,8.965302028992397
1,4.7,26.0,53.30196811599939
2,9.7,47.3,97.84776942039791
3,15.3,73.0,151.59552029002433
4,19.7,94.0,195.51391594224822
5,24.8,118.5,246.7520442031761
6,29.8,142.8,297.5719020293209
7,34.7,166.6,347.346083768508
8,40.4,194.7,406.11307985553134
9,45.2,216.5,451.70455724688765
